
<dictionary>
  <item>
    <key>
      <string>button_default.dds</string>
    </key>
    <value>
      <UVCoords>
        <U1>0</U1>
        <V1>0</V1>
        <U2>0.306640625</U2>
        <V2>0.068359375</V2>
      </UVCoords>
    </value>
  </item>
  <item>
    <key>
      <string>button_hot.dds</string>
    </key>
    <value>
      <UVCoords>
        <U1>0</U1>
        <V1>0.080078125</V1>
        <U2>0.306640625</U2>
        <V2>0.1484375</V2>
      </UVCoords>
    </value>
  </item>
  <item>
    <key>
      <string>button_down.dds</string>
    </key>
    <value>
      <UVCoords>
        <U1>0</U1>
        <V1>0.16015625</V1>
        <U2>0.306640625</U2>
        <V2>0.228515625</V2>
      </UVCoords>
    </value>
  </item>
  <item>
    <key>
      <string>input_default.dds</string>
    </key>
    <value>
      <UVCoords>
        <U1>0</U1>
        <V1>0.240234375</V1>
        <U2>0.43359375</U2>
        <V2>0.30859375</V2>
      </UVCoords>
    </value>
  </item>
  <item>
    <key>
      <string>input_focused.dds</string>
    </key>
    <value>
      <UVCoords>
        <U1>0</U1>
        <V1>0.3203125</V1>
        <U2>0.43359375</U2>
        <V2>0.388671875</V2>
      </UVCoords>
    </value>
  </item>
  <item>
    <key>
      <string>grid.dds</string>
    </key>
    <value>
      <UVCoords>
        <U1>0.318359375</U1>
        <V1>0</V1>
        <U2>0.443359375</U2>
        <V2>0.125</V2>
      </UVCoords>
    </value>
  </item>
  <item>
    <key>
      <string>grid2.dds</string>
    </key>
    <value>
      <UVCoords>
        <U1>0.455078125</U1>
        <V1>0</V1>
        <U2>0.5800781</U2>
        <V2>0.125</V2>
      </UVCoords>
    </value>
  </item>
  <item>
    <key>
      <string>checkbox_default.dds</string>
    </key>
    <value>
      <UVCoords>
        <U1>0</U1>
        <V1>0.400390625</V1>
        <U2>0.05078125</U2>
        <V2>0.451171875</V2>
      </UVCoords>
    </value>
  </item>
  <item>
    <key>
      <string>checkbox_hot.dds</string>
    </key>
    <value>
      <UVCoords>
        <U1>0.318359375</U1>
        <V1>0.13671875</V1>
        <U2>0.369140625</U2>
        <V2>0.1875</V2>
      </UVCoords>
    </value>
  </item>
  <item>
    <key>
      <string>checkbox_down.dds</string>
    </key>
    <value>
      <UVCoords>
        <U1>0.0625</U1>
        <V1>0.400390625</V1>
        <U2>0.11328125</U2>
        <V2>0.451171875</V2>
      </UVCoords>
    </value>
  </item>
  <item>
    <key>
      <string>checkbox_checked.dds</string>
    </key>
    <value>
      <UVCoords>
        <U1>0.380859375</U1>
        <V1>0.13671875</V1>
        <U2>0.431640625</U2>
        <V2>0.1875</V2>
      </UVCoords>
    </value>
  </item>
  <item>
    <key>
      <string>checkbox_checked_hot.dds</string>
    </key>
    <value>
      <UVCoords>
        <U1>0.125</U1>
        <V1>0.400390625</V1>
        <U2>0.17578125</U2>
        <V2>0.451171875</V2>
      </UVCoords>
    </value>
  </item>
  <item>
    <key>
      <string>combo_default.dds</string>
    </key>
    <value>
      <UVCoords>
        <U1>0.443359375</U1>
        <V1>0.13671875</V1>
        <U2>0.8105469</U2>
        <V2>0.205078125</V2>
      </UVCoords>
    </value>
  </item>
  <item>
    <key>
      <string>combo_hot.dds</string>
    </key>
    <value>
      <UVCoords>
        <U1>0.1875</U1>
        <V1>0.400390625</V1>
        <U2>0.5546875</U2>
        <V2>0.46875</V2>
      </UVCoords>
    </value>
  </item>
  <item>
    <key>
      <string>combo_down.dds</string>
    </key>
    <value>
      <UVCoords>
        <U1>0.5917969</U1>
        <V1>0</V1>
        <U2>0.9589844</U2>
        <V2>0.068359375</V2>
      </UVCoords>
    </value>
  </item>
  <item>
    <key>
      <string>combo_button_default.dds</string>
    </key>
    <value>
      <UVCoords>
        <U1>0.4453125</U1>
        <V1>0.216796875</V1>
        <U2>0.5078125</U2>
        <V2>0.28515625</V2>
      </UVCoords>
    </value>
  </item>
  <item>
    <key>
      <string>combo_button_hot.dds</string>
    </key>
    <value>
      <UVCoords>
        <U1>0.51953125</U1>
        <V1>0.216796875</V1>
        <U2>0.58203125</U2>
        <V2>0.28515625</V2>
      </UVCoords>
    </value>
  </item>
  <item>
    <key>
      <string>combo_button_down.dds</string>
    </key>
    <value>
      <UVCoords>
        <U1>0.4453125</U1>
        <V1>0.296875</V1>
        <U2>0.5078125</U2>
        <V2>0.365234375</V2>
      </UVCoords>
    </value>
  </item>
  <item>
    <key>
      <string>vscroll_track.dds</string>
    </key>
    <value>
      <UVCoords>
        <U1>0.8222656</U1>
        <V1>0.080078125</V1>
        <U2>0.8496094</U2>
        <V2>0.35546875</V2>
      </UVCoords>
    </value>
  </item>
  <item>
    <key>
      <string>vscroll_button.dds</string>
    </key>
    <value>
      <UVCoords>
        <U1>0.59375</U1>
        <V1>0.216796875</V1>
        <U2>0.62109375</U2>
        <V2>0.330078125</V2>
      </UVCoords>
    </value>
  </item>
  <item>
    <key>
      <string>vscroll_button_hot.dds</string>
    </key>
    <value>
      <UVCoords>
        <U1>0.6328125</U1>
        <V1>0.216796875</V1>
        <U2>0.66015625</U2>
        <V2>0.330078125</V2>
      </UVCoords>
    </value>
  </item>
  <item>
    <key>
      <string>vscroll_button_down.dds</string>
    </key>
    <value>
      <UVCoords>
        <U1>0.671875</U1>
        <V1>0.216796875</V1>
        <U2>0.69921875</U2>
        <V2>0.330078125</V2>
      </UVCoords>
    </value>
  </item>
  <item>
    <key>
      <string>vscrollUp_default.dds</string>
    </key>
    <value>
      <UVCoords>
        <U1>0.5917969</U1>
        <V1>0.080078125</V1>
        <U2>0.6191406</U2>
        <V2>0.119140625</V2>
      </UVCoords>
    </value>
  </item>
  <item>
    <key>
      <string>vscrollUp_hot.dds</string>
    </key>
    <value>
      <UVCoords>
        <U1>0.6308594</U1>
        <V1>0.080078125</V1>
        <U2>0.6582031</U2>
        <V2>0.119140625</V2>
      </UVCoords>
    </value>
  </item>
  <item>
    <key>
      <string>vscrollUp_down.dds</string>
    </key>
    <value>
      <UVCoords>
        <U1>0.6699219</U1>
        <V1>0.080078125</V1>
        <U2>0.6972656</U2>
        <V2>0.119140625</V2>
      </UVCoords>
    </value>
  </item>
  <item>
    <key>
      <string>hscroll_track.dds</string>
    </key>
    <value>
      <UVCoords>
        <U1>0.56640625</U1>
        <V1>0.3671875</V1>
        <U2>0.8417969</U2>
        <V2>0.39453125</V2>
      </UVCoords>
    </value>
  </item>
  <item>
    <key>
      <string>hscroll_button.dds</string>
    </key>
    <value>
      <UVCoords>
        <U1>0.318359375</U1>
        <V1>0.19921875</V1>
        <U2>0.431640625</U2>
        <V2>0.2265625</V2>
      </UVCoords>
    </value>
  </item>
  <item>
    <key>
      <string>hscroll_button_hot.dds</string>
    </key>
    <value>
      <UVCoords>
        <U1>0.8613281</U1>
        <V1>0.080078125</V1>
        <U2>0.9746094</U2>
        <V2>0.107421875</V2>
      </UVCoords>
    </value>
  </item>
  <item>
    <key>
      <string>hscroll_button_down.dds</string>
    </key>
    <value>
      <UVCoords>
        <U1>0.56640625</U1>
        <V1>0.40625</V1>
        <U2>0.6796875</U2>
        <V2>0.43359375</V2>
      </UVCoords>
    </value>
  </item>
  <item>
    <key>
      <string>hscrollUp_default.dds</string>
    </key>
    <value>
      <UVCoords>
        <U1>0.7089844</U1>
        <V1>0.080078125</V1>
        <U2>0.7480469</U2>
        <V2>0.107421875</V2>
      </UVCoords>
    </value>
  </item>
  <item>
    <key>
      <string>hscrollUp_hot.dds</string>
    </key>
    <value>
      <UVCoords>
        <U1>0.51953125</U1>
        <V1>0.296875</V1>
        <U2>0.55859375</U2>
        <V2>0.32421875</V2>
      </UVCoords>
    </value>
  </item>
  <item>
    <key>
      <string>hscrollUp_down.dds</string>
    </key>
    <value>
      <UVCoords>
        <U1>0.7597656</U1>
        <V1>0.080078125</V1>
        <U2>0.7988281</U2>
        <V2>0.107421875</V2>
      </UVCoords>
    </value>
  </item>
</dictionary>