
<dictionary>
  <item>
    <key>
      <string>button_default.dds</string>
    </key>
    <value>
      <Rectangle>
        <x1>0</x1>
        <y1>0</y1>
        <x2>157</x2>
        <y2>35</y2>
      </Rectangle>
    </value>
  </item>
  <item>
    <key>
      <string>button_hot.dds</string>
    </key>
    <value>
      <Rectangle>
        <x1>0</x1>
        <y1>41</y1>
        <x2>157</x2>
        <y2>76</y2>
      </Rectangle>
    </value>
  </item>
  <item>
    <key>
      <string>button_down.dds</string>
    </key>
    <value>
      <Rectangle>
        <x1>0</x1>
        <y1>82</y1>
        <x2>157</x2>
        <y2>117</y2>
      </Rectangle>
    </value>
  </item>
  <item>
    <key>
      <string>input_default.dds</string>
    </key>
    <value>
      <Rectangle>
        <x1>0</x1>
        <y1>123</y1>
        <x2>222</x2>
        <y2>158</y2>
      </Rectangle>
    </value>
  </item>
  <item>
    <key>
      <string>input_focused.dds</string>
    </key>
    <value>
      <Rectangle>
        <x1>0</x1>
        <y1>164</y1>
        <x2>222</x2>
        <y2>199</y2>
      </Rectangle>
    </value>
  </item>
  <item>
    <key>
      <string>window.dds</string>
    </key>
    <value>
      <Rectangle>
        <x1>163</x1>
        <y1>0</y1>
        <x2>227</x2>
        <y2>64</y2>
      </Rectangle>
    </value>
  </item>
  <item>
    <key>
      <string>frame.dds</string>
    </key>
    <value>
      <Rectangle>
        <x1>233</x1>
        <y1>0</y1>
        <x2>297</x2>
        <y2>64</y2>
      </Rectangle>
    </value>
  </item>
  <item>
    <key>
      <string>checkbox_default.dds</string>
    </key>
    <value>
      <Rectangle>
        <x1>0</x1>
        <y1>205</y1>
        <x2>26</x2>
        <y2>231</y2>
      </Rectangle>
    </value>
  </item>
  <item>
    <key>
      <string>checkbox_hot.dds</string>
    </key>
    <value>
      <Rectangle>
        <x1>163</x1>
        <y1>70</y1>
        <x2>189</x2>
        <y2>96</y2>
      </Rectangle>
    </value>
  </item>
  <item>
    <key>
      <string>checkbox_down.dds</string>
    </key>
    <value>
      <Rectangle>
        <x1>32</x1>
        <y1>205</y1>
        <x2>58</x2>
        <y2>231</y2>
      </Rectangle>
    </value>
  </item>
  <item>
    <key>
      <string>checkbox_checked.dds</string>
    </key>
    <value>
      <Rectangle>
        <x1>195</x1>
        <y1>70</y1>
        <x2>221</x2>
        <y2>96</y2>
      </Rectangle>
    </value>
  </item>
  <item>
    <key>
      <string>checkbox_checked_hot.dds</string>
    </key>
    <value>
      <Rectangle>
        <x1>64</x1>
        <y1>205</y1>
        <x2>90</x2>
        <y2>231</y2>
      </Rectangle>
    </value>
  </item>
  <item>
    <key>
      <string>combo_default.dds</string>
    </key>
    <value>
      <Rectangle>
        <x1>227</x1>
        <y1>70</y1>
        <x2>415</x2>
        <y2>105</y2>
      </Rectangle>
    </value>
  </item>
  <item>
    <key>
      <string>combo_hot.dds</string>
    </key>
    <value>
      <Rectangle>
        <x1>96</x1>
        <y1>205</y1>
        <x2>284</x2>
        <y2>240</y2>
      </Rectangle>
    </value>
  </item>
  <item>
    <key>
      <string>combo_down.dds</string>
    </key>
    <value>
      <Rectangle>
        <x1>303</x1>
        <y1>0</y1>
        <x2>491</x2>
        <y2>35</y2>
      </Rectangle>
    </value>
  </item>
  <item>
    <key>
      <string>combo_button_default.dds</string>
    </key>
    <value>
      <Rectangle>
        <x1>228</x1>
        <y1>111</y1>
        <x2>260</x2>
        <y2>146</y2>
      </Rectangle>
    </value>
  </item>
  <item>
    <key>
      <string>combo_button_hot.dds</string>
    </key>
    <value>
      <Rectangle>
        <x1>266</x1>
        <y1>111</y1>
        <x2>298</x2>
        <y2>146</y2>
      </Rectangle>
    </value>
  </item>
  <item>
    <key>
      <string>combo_button_down.dds</string>
    </key>
    <value>
      <Rectangle>
        <x1>228</x1>
        <y1>152</y1>
        <x2>260</x2>
        <y2>187</y2>
      </Rectangle>
    </value>
  </item>
  <item>
    <key>
      <string>vscroll_track.dds</string>
    </key>
    <value>
      <Rectangle>
        <x1>421</x1>
        <y1>41</y1>
        <x2>435</x2>
        <y2>182</y2>
      </Rectangle>
    </value>
  </item>
  <item>
    <key>
      <string>vscroll_button.dds</string>
    </key>
    <value>
      <Rectangle>
        <x1>304</x1>
        <y1>111</y1>
        <x2>318</x2>
        <y2>169</y2>
      </Rectangle>
    </value>
  </item>
  <item>
    <key>
      <string>vscroll_button_hot.dds</string>
    </key>
    <value>
      <Rectangle>
        <x1>324</x1>
        <y1>111</y1>
        <x2>338</x2>
        <y2>169</y2>
      </Rectangle>
    </value>
  </item>
  <item>
    <key>
      <string>vscroll_button_down.dds</string>
    </key>
    <value>
      <Rectangle>
        <x1>344</x1>
        <y1>111</y1>
        <x2>358</x2>
        <y2>169</y2>
      </Rectangle>
    </value>
  </item>
  <item>
    <key>
      <string>vscrollUp_default.dds</string>
    </key>
    <value>
      <Rectangle>
        <x1>303</x1>
        <y1>41</y1>
        <x2>317</x2>
        <y2>61</y2>
      </Rectangle>
    </value>
  </item>
  <item>
    <key>
      <string>vscrollUp_hot.dds</string>
    </key>
    <value>
      <Rectangle>
        <x1>323</x1>
        <y1>41</y1>
        <x2>337</x2>
        <y2>61</y2>
      </Rectangle>
    </value>
  </item>
  <item>
    <key>
      <string>vscrollUp_down.dds</string>
    </key>
    <value>
      <Rectangle>
        <x1>343</x1>
        <y1>41</y1>
        <x2>357</x2>
        <y2>61</y2>
      </Rectangle>
    </value>
  </item>
  <item>
    <key>
      <string>hscroll_track.dds</string>
    </key>
    <value>
      <Rectangle>
        <x1>290</x1>
        <y1>188</y1>
        <x2>431</x2>
        <y2>202</y2>
      </Rectangle>
    </value>
  </item>
  <item>
    <key>
      <string>hscroll_button.dds</string>
    </key>
    <value>
      <Rectangle>
        <x1>163</x1>
        <y1>102</y1>
        <x2>221</x2>
        <y2>116</y2>
      </Rectangle>
    </value>
  </item>
  <item>
    <key>
      <string>hscroll_button_hot.dds</string>
    </key>
    <value>
      <Rectangle>
        <x1>441</x1>
        <y1>41</y1>
        <x2>499</x2>
        <y2>55</y2>
      </Rectangle>
    </value>
  </item>
  <item>
    <key>
      <string>hscroll_button_down.dds</string>
    </key>
    <value>
      <Rectangle>
        <x1>290</x1>
        <y1>208</y1>
        <x2>348</x2>
        <y2>222</y2>
      </Rectangle>
    </value>
  </item>
  <item>
    <key>
      <string>hscrollUp_default.dds</string>
    </key>
    <value>
      <Rectangle>
        <x1>363</x1>
        <y1>41</y1>
        <x2>383</x2>
        <y2>55</y2>
      </Rectangle>
    </value>
  </item>
  <item>
    <key>
      <string>hscrollUp_hot.dds</string>
    </key>
    <value>
      <Rectangle>
        <x1>266</x1>
        <y1>152</y1>
        <x2>286</x2>
        <y2>166</y2>
      </Rectangle>
    </value>
  </item>
  <item>
    <key>
      <string>hscrollUp_down.dds</string>
    </key>
    <value>
      <Rectangle>
        <x1>389</x1>
        <y1>41</y1>
        <x2>409</x2>
        <y2>55</y2>
      </Rectangle>
    </value>
  </item>
</dictionary>